name,seq_aa
ORF6_0,MFHLVDFQVTIAEILLIIMR
ORF6_4,VDFQVTIAEILLIIMRTFKV
ORF6_8,VTIAEILLIIMRTFKVSIWN
ORF6_12,EILLIIMRTFKVSIWNLDYI
ORF6_16,IIMRTFKVSIWNLDYIINLI
ORF6_20,TFKVSIWNLDYIINLIIKNL
ORF6_24,SIWNLDYIINLIIKNLSKSL
ORF6_28,LDYIINLIIKNLSKSLTENK
ORF6_32,INLIIKNLSKSLTENKYSQL
ORF6_36,IKNLSKSLTENKYSQLDEEQ
ORF6_40,SKSLTENKYSQLDEEQPMEI
ORF6_44,TENKYSQLDEEQPMEID
ORF6_48,YSQLDEEQPMEID
ORF6_52,DEEQPMEID
ORF6_56,PMEID
ORF7b_0,MIELSLIDFYLCFLAFLLFL
ORF7b_4,SLIDFYLCFLAFLLFLVLIM
ORF7b_8,FYLCFLAFLLFLVLIMLIIF
ORF7b_12,FLAFLLFLVLIMLIIFWFSL
ORF7b_16,LLFLVLIMLIIFWFSLELQD
ORF7b_20,VLIMLIIFWFSLELQDHNET
ORF7b_24,LIIFWFSLELQDHNETCHA
ORF7b_28,WFSLELQDHNETCHA
ORF7b_32,ELQDHNETCHA
ORF7b_36,HNETCHA
ORF7b_40,CHA
ORF8_0,MKFLVFLGIITTVAAFHQEC
ORF8_4,VFLGIITTVAAFHQECSLQS
ORF8_8,IITTVAAFHQECSLQSCTQH
ORF8_12,VAAFHQECSLQSCTQHQPYV
ORF8_16,HQECSLQSCTQHQPYVVDDP
ORF8_20,SLQSCTQHQPYVVDDPCPIH
ORF8_24,CTQHQPYVVDDPCPIHFYSK
ORF8_28,QPYVVDDPCPIHFYSKWYIR
ORF8_32,VDDPCPIHFYSKWYIRVGAR
ORF8_36,CPIHFYSKWYIRVGARKSAP
ORF8_40,FYSKWYIRVGARKSAPLIEL
ORF8_44,WYIRVGARKSAPLIELCVDE
ORF8_48,VGARKSAPLIELCVDEAGSK
ORF8_52,KSAPLIELCVDEAGSKSPIQ
ORF8_56,LIELCVDEAGSKSPIQYIDI
ORF8_60,CVDEAGSKSPIQYIDIGNYT
ORF8_64,AGSKSPIQYIDIGNYTVSCL
ORF8_68,SPIQYIDIGNYTVSCLPFTI
ORF8_72,YIDIGNYTVSCLPFTINCQE
ORF8_76,GNYTVSCLPFTINCQEPKLG
ORF8_80,VSCLPFTINCQEPKLGSLVV
ORF8_84,PFTINCQEPKLGSLVVRCSF
ORF8_88,NCQEPKLGSLVVRCSFYEDF
ORF8_92,PKLGSLVVRCSFYEDFLEYH
ORF8_96,SLVVRCSFYEDFLEYHDVRV
ORF8_100,RCSFYEDFLEYHDVRVVLDF
ORF8_104,YEDFLEYHDVRVVLDFI
ORF8_108,LEYHDVRVVLDFI
ORF8_112,DVRVVLDFI
ORF8_116,VLDFI
M_0,MADSNGTITVEELKKLLEQW
M_4,NGTITVEELKKLLEQWNLVI
M_8,TVEELKKLLEQWNLVIGFLF
M_12,LKKLLEQWNLVIGFLFLTWI
M_16,LEQWNLVIGFLFLTWICLLQ
M_20,NLVIGFLFLTWICLLQFAYA
M_24,GFLFLTWICLLQFAYANRNR
M_28,LTWICLLQFAYANRNRFLYI
M_32,CLLQFAYANRNRFLYIIKLI
M_36,FAYANRNRFLYIIKLIFLWL
M_40,NRNRFLYIIKLIFLWLLWPV
M_44,FLYIIKLIFLWLLWPVTLAC
M_48,IKLIFLWLLWPVTLACFVLA
M_52,FLWLLWPVTLACFVLAAVYR
M_56,LWPVTLACFVLAAVYRINWI
M_60,TLACFVLAAVYRINWITGGI
M_64,FVLAAVYRINWITGGIAIAM
M_68,AVYRINWITGGIAIAMACLV
M_72,INWITGGIAIAMACLVGLMW
M_76,TGGIAIAMACLVGLMWLSYF
M_80,AIAMACLVGLMWLSYFIASF
M_84,ACLVGLMWLSYFIASFRLFA
M_88,GLMWLSYFIASFRLFARTRS
M_92,LSYFIASFRLFARTRSMWSF
M_96,IASFRLFARTRSMWSFNPET
M_100,RLFARTRSMWSFNPETNILL
M_104,RTRSMWSFNPETNILLNVPL
M_108,MWSFNPETNILLNVPLHGTI
M_112,NPETNILLNVPLHGTILTRP
M_116,NILLNVPLHGTILTRPLLES
M_120,NVPLHGTILTRPLLESELVI
M_124,HGTILTRPLLESELVIGAVI
M_128,LTRPLLESELVIGAVILRGH
M_132,LLESELVIGAVILRGHLRIA
M_136,ELVIGAVILRGHLRIAGHHL
M_140,GAVILRGHLRIAGHHLGRCD
M_144,LRGHLRIAGHHLGRCDIKDL
M_148,LRIAGHHLGRCDIKDLPKEI
M_152,GHHLGRCDIKDLPKEITVAT
M_156,GRCDIKDLPKEITVATSRTL
M_160,IKDLPKEITVATSRTLSYYK
M_164,PKEITVATSRTLSYYKLGAS
M_168,TVATSRTLSYYKLGASQRVA
M_172,SRTLSYYKLGASQRVAGDSG
M_176,SYYKLGASQRVAGDSGFAAY
M_180,LGASQRVAGDSGFAAYSRYR
M_184,QRVAGDSGFAAYSRYRIGNY
M_188,GDSGFAAYSRYRIGNYKLNT
M_192,FAAYSRYRIGNYKLNTDHSS
M_196,SRYRIGNYKLNTDHSSSSDN
M_200,IGNYKLNTDHSSSSDNIALL
M_204,KLNTDHSSSSDNIALLVQ
M_208,DHSSSSDNIALLVQ
M_212,SSDNIALLVQ
M_216,IALLVQ
M_220,VQ
S_0,MFVFLVLLPLVSSQCVNLTT
S_4,LVLLPLVSSQCVNLTTRTQL
S_8,PLVSSQCVNLTTRTQLPPAY
S_12,SQCVNLTTRTQLPPAYTNSF
S_16,NLTTRTQLPPAYTNSFTRGV
S_20,RTQLPPAYTNSFTRGVYYPD
S_24,PPAYTNSFTRGVYYPDKVFR
S_28,TNSFTRGVYYPDKVFRSSVL
S_32,TRGVYYPDKVFRSSVLHSTQ
S_36,YYPDKVFRSSVLHSTQDLFL
S_40,KVFRSSVLHSTQDLFLPFFS
S_44,SSVLHSTQDLFLPFFSNVTW
S_48,HSTQDLFLPFFSNVTWFHAI
S_52,DLFLPFFSNVTWFHAIHVSG
S_56,PFFSNVTWFHAIHVSGTNGT
S_60,NVTWFHAIHVSGTNGTKRFD
S_64,FHAIHVSGTNGTKRFDNPVL
S_68,HVSGTNGTKRFDNPVLPFND
S_72,TNGTKRFDNPVLPFNDGVYF
S_76,KRFDNPVLPFNDGVYFASTE
S_80,NPVLPFNDGVYFASTEKSNI
S_84,PFNDGVYFASTEKSNIIRGW
S_88,GVYFASTEKSNIIRGWIFGT
S_92,ASTEKSNIIRGWIFGTTLDS
S_96,KSNIIRGWIFGTTLDSKTQS
S_100,IRGWIFGTTLDSKTQSLLIV
S_104,IFGTTLDSKTQSLLIVNNAT
S_108,TLDSKTQSLLIVNNATNVVI
S_112,KTQSLLIVNNATNVVIKVCE
S_116,LLIVNNATNVVIKVCEFQFC
S_120,NNATNVVIKVCEFQFCNDPF
S_124,NVVIKVCEFQFCNDPFLGVY
S_128,KVCEFQFCNDPFLGVYYHKN
S_132,FQFCNDPFLGVYYHKNNKSW
S_136,NDPFLGVYYHKNNKSWMESE
S_140,LGVYYHKNNKSWMESEFRVY
S_144,YHKNNKSWMESEFRVYSSAN
S_148,NKSWMESEFRVYSSANNCTF
S_152,MESEFRVYSSANNCTFEYVS
S_156,FRVYSSANNCTFEYVSQPFL
S_160,SSANNCTFEYVSQPFLMDLE
S_164,NCTFEYVSQPFLMDLEGKQG
S_168,EYVSQPFLMDLEGKQGNFKN
S_172,QPFLMDLEGKQGNFKNLREF
S_176,MDLEGKQGNFKNLREFVFKN
S_180,GKQGNFKNLREFVFKNIDGY
S_184,NFKNLREFVFKNIDGYFKIY
S_188,LREFVFKNIDGYFKIYSKHT
S_192,VFKNIDGYFKIYSKHTPINL
S_196,IDGYFKIYSKHTPINLVRDL
S_200,FKIYSKHTPINLVRDLPQGF
S_204,SKHTPINLVRDLPQGFSALE
S_208,PINLVRDLPQGFSALEPLVD
S_212,VRDLPQGFSALEPLVDLPIG
S_216,PQGFSALEPLVDLPIGINIT
S_220,SALEPLVDLPIGINITRFQT
S_224,PLVDLPIGINITRFQTLLAL
S_228,LPIGINITRFQTLLALHRSY
S_232,INITRFQTLLALHRSYLTPG
S_236,RFQTLLALHRSYLTPGDSSS
S_240,LLALHRSYLTPGDSSSGWTA
S_244,HRSYLTPGDSSSGWTAGAAA
S_248,LTPGDSSSGWTAGAAAYYVG
S_252,DSSSGWTAGAAAYYVGYLQP
S_256,GWTAGAAAYYVGYLQPRTFL
S_260,GAAAYYVGYLQPRTFLLKYN
S_264,YYVGYLQPRTFLLKYNENGT
S_268,YLQPRTFLLKYNENGTITDA
S_272,RTFLLKYNENGTITDAVDCA
S_276,LKYNENGTITDAVDCALDPL
S_280,ENGTITDAVDCALDPLSETK
S_284,ITDAVDCALDPLSETKCTLK
S_288,VDCALDPLSETKCTLKSFTV
S_292,LDPLSETKCTLKSFTVEKGI
S_296,SETKCTLKSFTVEKGIYQTS
S_300,CTLKSFTVEKGIYQTSNFRV
S_304,SFTVEKGIYQTSNFRVQPTE
S_308,EKGIYQTSNFRVQPTESIVR
S_312,YQTSNFRVQPTESIVRFPNI
S_316,NFRVQPTESIVRFPNITNLC
S_320,QPTESIVRFPNITNLCPFGE
S_324,SIVRFPNITNLCPFGEVFNA
S_328,FPNITNLCPFGEVFNATRFA
S_332,TNLCPFGEVFNATRFASVYA
S_336,PFGEVFNATRFASVYAWNRK
S_340,VFNATRFASVYAWNRKRISN
S_344,TRFASVYAWNRKRISNCVAD
S_348,SVYAWNRKRISNCVADYSVL
S_352,WNRKRISNCVADYSVLYNSA
S_356,RISNCVADYSVLYNSASFST
S_360,CVADYSVLYNSASFSTFKCY
S_364,YSVLYNSASFSTFKCYGVSP
S_368,YNSASFSTFKCYGVSPTKLN
S_372,SFSTFKCYGVSPTKLNDLCF
S_376,FKCYGVSPTKLNDLCFTNVY
S_380,GVSPTKLNDLCFTNVYADSF
S_384,TKLNDLCFTNVYADSFVIRG
S_388,DLCFTNVYADSFVIRGDEVR
S_392,TNVYADSFVIRGDEVRQIAP
S_396,ADSFVIRGDEVRQIAPGQTG
S_400,VIRGDEVRQIAPGQTGKIAD
S_404,DEVRQIAPGQTGKIADYNYK
S_408,QIAPGQTGKIADYNYKLPDD
S_412,GQTGKIADYNYKLPDDFTGC
S_416,KIADYNYKLPDDFTGCVIAW
S_420,YNYKLPDDFTGCVIAWNSNN
S_424,LPDDFTGCVIAWNSNNLDSK
S_428,FTGCVIAWNSNNLDSKVGGN
S_432,VIAWNSNNLDSKVGGNYNYL
S_436,NSNNLDSKVGGNYNYLYRLF
S_440,LDSKVGGNYNYLYRLFRKSN
S_444,VGGNYNYLYRLFRKSNLKPF
S_448,YNYLYRLFRKSNLKPFERDI
S_452,YRLFRKSNLKPFERDISTEI
S_456,RKSNLKPFERDISTEIYQAG
S_460,LKPFERDISTEIYQAGSTPC
S_464,ERDISTEIYQAGSTPCNGVE
S_468,STEIYQAGSTPCNGVEGFNC
S_472,YQAGSTPCNGVEGFNCYFPL
S_476,STPCNGVEGFNCYFPLQSYG
S_480,NGVEGFNCYFPLQSYGFQPT
S_484,GFNCYFPLQSYGFQPTNGVG
S_488,YFPLQSYGFQPTNGVGYQPY
S_492,QSYGFQPTNGVGYQPYRVVV
S_496,FQPTNGVGYQPYRVVVLSFE
S_500,NGVGYQPYRVVVLSFELLHA
S_504,YQPYRVVVLSFELLHAPATV
S_508,RVVVLSFELLHAPATVCGPK
S_512,LSFELLHAPATVCGPKKSTN
S_516,LLHAPATVCGPKKSTNLVKN
S_520,PATVCGPKKSTNLVKNKCVN
S_524,CGPKKSTNLVKNKCVNFNFN
S_528,KSTNLVKNKCVNFNFNGLTG
S_532,LVKNKCVNFNFNGLTGTGVL
S_536,KCVNFNFNGLTGTGVLTESN
S_540,FNFNGLTGTGVLTESNKKFL
S_544,GLTGTGVLTESNKKFLPFQQ
S_548,TGVLTESNKKFLPFQQFGRD
S_552,TESNKKFLPFQQFGRDIADT
S_556,KKFLPFQQFGRDIADTTDAV
S_560,PFQQFGRDIADTTDAVRDPQ
S_564,FGRDIADTTDAVRDPQTLEI
S_568,IADTTDAVRDPQTLEILDIT
S_572,TDAVRDPQTLEILDITPCSF
S_576,RDPQTLEILDITPCSFGGVS
S_580,TLEILDITPCSFGGVSVITP
S_584,LDITPCSFGGVSVITPGTNT
S_588,PCSFGGVSVITPGTNTSNQV
S_592,GGVSVITPGTNTSNQVAVLY
S_596,VITPGTNTSNQVAVLYQDVN
S_600,GTNTSNQVAVLYQDVNCTEV
S_604,SNQVAVLYQDVNCTEVPVAI
S_608,AVLYQDVNCTEVPVAIHADQ
S_612,QDVNCTEVPVAIHADQLTPT
S_616,CTEVPVAIHADQLTPTWRVY
S_620,PVAIHADQLTPTWRVYSTGS
S_624,HADQLTPTWRVYSTGSNVFQ
S_628,LTPTWRVYSTGSNVFQTRAG
S_632,WRVYSTGSNVFQTRAGCLIG
S_636,STGSNVFQTRAGCLIGAEHV
S_640,NVFQTRAGCLIGAEHVNNSY
S_644,TRAGCLIGAEHVNNSYECDI
S_648,CLIGAEHVNNSYECDIPIGA
S_652,AEHVNNSYECDIPIGAGICA
S_656,NNSYECDIPIGAGICASYQT
S_660,ECDIPIGAGICASYQTQTNS
S_664,PIGAGICASYQTQTNSPRRA
S_668,GICASYQTQTNSPRRARSVA
S_672,SYQTQTNSPRRARSVASQSI
S_676,QTNSPRRARSVASQSIIAYT
S_680,PRRARSVASQSIIAYTMSLG
S_684,RSVASQSIIAYTMSLGAENS
S_688,SQSIIAYTMSLGAENSVAYS
S_692,IAYTMSLGAENSVAYSNNSI
S_696,MSLGAENSVAYSNNSIAIPT
S_700,AENSVAYSNNSIAIPTNFTI
S_704,VAYSNNSIAIPTNFTISVTT
S_708,NNSIAIPTNFTISVTTEILP
S_712,AIPTNFTISVTTEILPVSMT
S_716,NFTISVTTEILPVSMTKTSV
S_720,SVTTEILPVSMTKTSVDCTM
S_724,EILPVSMTKTSVDCTMYICG
S_728,VSMTKTSVDCTMYICGDSTE
S_732,KTSVDCTMYICGDSTECSNL
S_736,DCTMYICGDSTECSNLLLQY
S_740,YICGDSTECSNLLLQYGSFC
S_744,DSTECSNLLLQYGSFCTQLN
S_748,CSNLLLQYGSFCTQLNRALT
S_752,LLQYGSFCTQLNRALTGIAV
S_756,GSFCTQLNRALTGIAVEQDK
S_760,TQLNRALTGIAVEQDKNTQE
S_764,RALTGIAVEQDKNTQEVFAQ
S_768,GIAVEQDKNTQEVFAQVKQI
S_772,EQDKNTQEVFAQVKQIYKTP
S_776,NTQEVFAQVKQIYKTPPIKD
S_780,VFAQVKQIYKTPPIKDFGGF
S_784,VKQIYKTPPIKDFGGFNFSQ
S_788,YKTPPIKDFGGFNFSQILPD
S_792,PIKDFGGFNFSQILPDPSKP
S_796,FGGFNFSQILPDPSKPSKRS
S_800,NFSQILPDPSKPSKRSFIED
S_804,ILPDPSKPSKRSFIEDLLFN
S_808,PSKPSKRSFIEDLLFNKVTL
S_812,SKRSFIEDLLFNKVTLADAG
S_816,FIEDLLFNKVTLADAGFIKQ
S_820,LLFNKVTLADAGFIKQYGDC
S_824,KVTLADAGFIKQYGDCLGDI
S_828,ADAGFIKQYGDCLGDIAARD
S_832,FIKQYGDCLGDIAARDLICA
S_836,YGDCLGDIAARDLICAQKFN
S_840,LGDIAARDLICAQKFNGLTV
S_844,AARDLICAQKFNGLTVLPPL
S_848,LICAQKFNGLTVLPPLLTDE
S_852,QKFNGLTVLPPLLTDEMIAQ
S_856,GLTVLPPLLTDEMIAQYTSA
S_860,LPPLLTDEMIAQYTSALLAG
S_864,LTDEMIAQYTSALLAGTITS
S_868,MIAQYTSALLAGTITSGWTF
S_872,YTSALLAGTITSGWTFGAGA
S_876,LLAGTITSGWTFGAGAALQI
S_880,TITSGWTFGAGAALQIPFAM
S_884,GWTFGAGAALQIPFAMQMAY
S_888,GAGAALQIPFAMQMAYRFNG
S_892,ALQIPFAMQMAYRFNGIGVT
S_896,PFAMQMAYRFNGIGVTQNVL
S_900,QMAYRFNGIGVTQNVLYENQ
S_904,RFNGIGVTQNVLYENQKLIA
S_908,IGVTQNVLYENQKLIANQFN
S_912,QNVLYENQKLIANQFNSAIG
S_916,YENQKLIANQFNSAIGKIQD
S_920,KLIANQFNSAIGKIQDSLSS
S_924,NQFNSAIGKIQDSLSSTASA
S_928,SAIGKIQDSLSSTASALGKL
S_932,KIQDSLSSTASALGKLQDVV
S_936,SLSSTASALGKLQDVVNQNA
S_940,TASALGKLQDVVNQNAQALN
S_944,LGKLQDVVNQNAQALNTLVK
S_948,QDVVNQNAQALNTLVKQLSS
S_952,NQNAQALNTLVKQLSSNFGA
S_956,QALNTLVKQLSSNFGAISSV
S_960,TLVKQLSSNFGAISSVLNDI
S_964,QLSSNFGAISSVLNDILSRL
S_968,NFGAISSVLNDILSRLDKVE
S_972,ISSVLNDILSRLDKVEAEVQ
S_976,LNDILSRLDKVEAEVQIDRL
S_980,LSRLDKVEAEVQIDRLITGR
S_984,DKVEAEVQIDRLITGRLQSL
S_988,AEVQIDRLITGRLQSLQTYV
S_992,IDRLITGRLQSLQTYVTQQL
S_996,ITGRLQSLQTYVTQQLIRAA
S_1000,LQSLQTYVTQQLIRAAEIRA
S_1004,QTYVTQQLIRAAEIRASANL
S_1008,TQQLIRAAEIRASANLAATK
S_1012,IRAAEIRASANLAATKMSEC
S_1016,EIRASANLAATKMSECVLGQ
S_1020,SANLAATKMSECVLGQSKRV
S_1024,AATKMSECVLGQSKRVDFCG
S_1028,MSECVLGQSKRVDFCGKGYH
S_1032,VLGQSKRVDFCGKGYHLMSF
S_1036,SKRVDFCGKGYHLMSFPQSA
S_1040,DFCGKGYHLMSFPQSAPHGV
S_1044,KGYHLMSFPQSAPHGVVFLH
S_1048,LMSFPQSAPHGVVFLHVTYV
S_1052,PQSAPHGVVFLHVTYVPAQE
S_1056,PHGVVFLHVTYVPAQEKNFT
S_1060,VFLHVTYVPAQEKNFTTAPA
S_1064,VTYVPAQEKNFTTAPAICHD
S_1068,PAQEKNFTTAPAICHDGKAH
S_1072,KNFTTAPAICHDGKAHFPRE
S_1076,TAPAICHDGKAHFPREGVFV
S_1080,ICHDGKAHFPREGVFVSNGT
S_1084,GKAHFPREGVFVSNGTHWFV
S_1088,FPREGVFVSNGTHWFVTQRN
S_1092,GVFVSNGTHWFVTQRNFYEP
S_1096,SNGTHWFVTQRNFYEPQIIT
S_1100,HWFVTQRNFYEPQIITTDNT
S_1104,TQRNFYEPQIITTDNTFVSG
S_1108,FYEPQIITTDNTFVSGNCDV
S_1112,QIITTDNTFVSGNCDVVIGI
S_1116,TDNTFVSGNCDVVIGIVNNT
S_1120,FVSGNCDVVIGIVNNTVYDP
S_1124,NCDVVIGIVNNTVYDPLQPE
S_1128,VIGIVNNTVYDPLQPELDSF
S_1132,VNNTVYDPLQPELDSFKEEL
S_1136,VYDPLQPELDSFKEELDKYF
S_1140,LQPELDSFKEELDKYFKNHT
S_1144,LDSFKEELDKYFKNHTSPDV
S_1148,KEELDKYFKNHTSPDVDLGD
S_1152,DKYFKNHTSPDVDLGDISGI
S_1156,KNHTSPDVDLGDISGINASV
S_1160,SPDVDLGDISGINASVVNIQ
S_1164,DLGDISGINASVVNIQKEID
S_1168,ISGINASVVNIQKEIDRLNE
S_1172,NASVVNIQKEIDRLNEVAKN
S_1176,VNIQKEIDRLNEVAKNLNES
S_1180,KEIDRLNEVAKNLNESLIDL
S_1184,RLNEVAKNLNESLIDLQELG
S_1188,VAKNLNESLIDLQELGKYEQ
S_1192,LNESLIDLQELGKYEQYIKW
S_1196,LIDLQELGKYEQYIKWPWYI
S_1200,QELGKYEQYIKWPWYIWLGF
S_1204,KYEQYIKWPWYIWLGFIAGL
S_1208,YIKWPWYIWLGFIAGLIAIV
S_1212,PWYIWLGFIAGLIAIVMVTI
S_1216,WLGFIAGLIAIVMVTIMLCC
S_1220,IAGLIAIVMVTIMLCCMTSC
S_1224,IAIVMVTIMLCCMTSCCSCL
S_1228,MVTIMLCCMTSCCSCLKGCC
S_1232,MLCCMTSCCSCLKGCCSCGS
S_1236,MTSCCSCLKGCCSCGSCCKF
S_1240,CSCLKGCCSCGSCCKFDEDD
S_1244,KGCCSCGSCCKFDEDDSEPV
S_1248,SCGSCCKFDEDDSEPVLKGV
S_1252,CCKFDEDDSEPVLKGVKLHY
S_1256,DEDDSEPVLKGVKLHYT
S_1260,SEPVLKGVKLHYT
S_1264,LKGVKLHYT
S_1268,KLHYT
E_0,MYSFVSEETGTLIVNSVLLF
E_4,VSEETGTLIVNSVLLFLAFV
E_8,TGTLIVNSVLLFLAFVVFLL
E_12,IVNSVLLFLAFVVFLLVTLA
E_16,VLLFLAFVVFLLVTLAILTA
E_20,LAFVVFLLVTLAILTALRLC
E_24,VFLLVTLAILTALRLCAYCC
E_28,VTLAILTALRLCAYCCNIVN
E_32,ILTALRLCAYCCNIVNVSLV
E_36,LRLCAYCCNIVNVSLVKPSF
E_40,AYCCNIVNVSLVKPSFYVYS
E_44,NIVNVSLVKPSFYVYS
E_48,VSLVKPSFYVYS
E_52,KPSFYVYS
E_56,YVYS
E2_0,MYSFQSEQTGTLVVNSVLLF
E2_4,QSEQTGTLVVNSVLLFLAFK
E2_8,TGTLVVNSVLLFLAFKVFLL
E2_12,VVNSVLLFLAFKVFLLQTLA
E2_16,VLLFLAFKVFLLQTLAILTA
E2_20,LAFKVFLLQTLAILTALRLC
E2_24,VFLLQTLAILTALRLCAYCC
E2_28,QTLAILTALRLCAYCCNQVN
E2_32,ILTALRLCAYCCNQVNVKLV
E2_36,LRLCAYCCNQVNVKLVKPSF
E2_40,AYCCNQVNVKLVKPSFYVYS
E2_44,NQVNVKLVKPSFYVYS
E2_48,VKLVKPSFYVYS
E2_52,KPSFYVYS
E2_56,YVYS
E3_0,MYSFVSEETGTLIIVNSVLL
E3_4,VSEETGTLIIVNSVLLFLAF
E3_8,TGTLIIVNSVLLFLAFVVFL
E3_12,IIVNSVLLFLAFVVFLLVTL
E3_16,SVLLFLAFVVFLLVTLAILT
E3_20,FLAFVVFLLVTLAILTALRL
E3_24,VVFLLVTLAILTALRLCAYC
E3_28,LVTLAILTALRLCAYCCNIV
E3_32,AILTALRLCAYCCNIVNVQL
E3_36,ALRLCAYCCNIVNVQLVKPS
E3_40,CAYCCNIVNVQLVKPSFYVY
E3_44,CNIVNVQLVKPSFYVYS
E3_48,NVQLVKPSFYVYS
E3_52,VKPSFYVYS
E3_56,FYVYS
E4_0,MYSFVSEETGTLVNSVLLFL
E4_4,VSEETGTLVNSVLLFLAFVV
E4_8,TGTLVNSVLLFLAFVVFLLV
E4_12,VNSVLLFLAFVVFLLVTLAI
E4_16,LLFLAFVVFLLVTLAILTAL
E4_20,AFVVFLLVTLAILTALRLCA
E4_24,FLLVTLAILTALRLCAYCCN
E4_28,TLAILTALRLCAYCCNIVNV
E4_32,LTALRLCAYCCNIVNVNLVK
E4_36,RLCAYCCNIVNVNLVKPSFY
E4_40,YCCNIVNVNLVKPSFYVYS
E4_44,IVNVNLVKPSFYVYS
E4_48,NLVKPSFYVYS
E4_52,PSFYVYS
E4_56,VYS
S_redundant_0,MFVFLVLLPLVSSQCVNLTT
S_redundant_4,LVLLPLVSSQCVNLTTRTQL
S_redundant_8,PLVSSQCVNLTTRTQLPPAY
S_redundant_12,SQCVNLTTRTQLPPAYTNSF
S_redundant_16,NLTTRTQLPPAYTNSFTRGV
S_redundant_20,RTQLPPAYTNSFTRGVYYPD
S_redundant_24,PPAYTNSFTRGVYYPDKVFR
S_redundant_28,TNSFTRGVYYPDKVFRSSVL
S_redundant_32,TRGVYYPDKVFRSSVLHSTQ
S_redundant_36,YYPDKVFRSSVLHSTQDLFL
S_redundant_40,KVFRSSVLHSTQDLFLPFFS
S_redundant_44,SSVLHSTQDLFLPFFSNVTW
S_redundant_48,HSTQDLFLPFFSNVTWFHAI
S_redundant_52,DLFLPFFSNVTWFHAIHVSG
S_redundant_56,PFFSNVTWFHAIHVSGTNGT
S_redundant_60,NVTWFHAIHVSGTNGTKRFD
S_redundant_64,FHAIHVSGTNGTKRFDNPVL
S_redundant_68,HVSGTNGTKRFDNPVLPFND
S_redundant_72,TNGTKRFDNPVLPFNDGVYF
S_redundant_76,KRFDNPVLPFNDGVYFASTE
S_redundant_80,NPVLPFNDGVYFASTEKSNI
S_redundant_84,PFNDGVYFASTEKSNIIRGW
S_redundant_88,GVYFASTEKSNIIRGWIFGT
S_redundant_92,ASTEKSNIIRGWIFGTTLDS
S_redundant_96,KSNIIRGWIFGTTLDSKTQS
S_redundant_100,IRGWIFGTTLDSKTQSLLIV
S_redundant_104,IFGTTLDSKTQSLLIVNNAT
S_redundant_108,TLDSKTQSLLIVNNATNVVI
S_redundant_112,KTQSLLIVNNATNVVIKVCE
S_redundant_116,LLIVNNATNVVIKVCEFQFC
S_redundant_120,NNATNVVIKVCEFQFCNDPF
S_redundant_124,NVVIKVCEFQFCNDPFLGVY
S_redundant_128,KVCEFQFCNDPFLGVYYHKN
S_redundant_132,FQFCNDPFLGVYYHKNNKSW
S_redundant_136,NDPFLGVYYHKNNKSWMESE
S_redundant_140,LGVYYHKNNKSWMESEFRVY
S_redundant_144,YHKNNKSWMESEFRVYSSAN
S_redundant_148,NKSWMESEFRVYSSANNCTF
S_redundant_152,MESEFRVYSSANNCTFEYVS
S_redundant_156,FRVYSSANNCTFEYVSQPFL
S_redundant_160,SSANNCTFEYVSQPFLMDLE
S_redundant_164,NCTFEYVSQPFLMDLEGKQG
S_redundant_168,EYVSQPFLMDLEGKQGNFKN
S_redundant_172,QPFLMDLEGKQGNFKNLREF
S_redundant_176,MDLEGKQGNFKNLREFVFKN
S_redundant_180,GKQGNFKNLREFVFKNIDGY
S_redundant_184,NFKNLREFVFKNIDGYFKIY
S_redundant_188,LREFVFKNIDGYFKIYSKHT
S_redundant_192,VFKNIDGYFKIYSKHTPINL
S_redundant_196,IDGYFKIYSKHTPINLVRDL
S_redundant_200,FKIYSKHTPINLVRDLPQGF
S_redundant_204,SKHTPINLVRDLPQGFSALE
S_redundant_208,PINLVRDLPQGFSALEPLVD
S_redundant_212,VRDLPQGFSALEPLVDLPIG
S_redundant_216,PQGFSALEPLVDLPIGINIT
S_redundant_220,SALEPLVDLPIGINITRFQT
S_redundant_224,PLVDLPIGINITRFQTLLAL
S_redundant_228,LPIGINITRFQTLLALHRSY
S_redundant_232,INITRFQTLLALHRSYLTPG
S_redundant_236,RFQTLLALHRSYLTPGDSSS
S_redundant_240,LLALHRSYLTPGDSSSGWTA
S_redundant_244,HRSYLTPGDSSSGWTAGAAA
S_redundant_248,LTPGDSSSGWTAGAAAYYVG
S_redundant_252,DSSSGWTAGAAAYYVGYLQP
S_redundant_256,GWTAGAAAYYVGYLQPRTFL
S_redundant_260,GAAAYYVGYLQPRTFLLKYN
S_redundant_264,YYVGYLQPRTFLLKYNENGT
S_redundant_268,YLQPRTFLLKYNENGTITDA
S_redundant_272,RTFLLKYNENGTITDAVDCA
S_redundant_276,LKYNENGTITDAVDCALDPL
S_redundant_280,ENGTITDAVDCALDPLSETK
S_redundant_284,ITDAVDCALDPLSETKCTLK
S_redundant_288,VDCALDPLSETKCTLKSFTV
S_redundant_292,LDPLSETKCTLKSFTVEKGI
S_redundant_296,SETKCTLKSFTVEKGIYQTS
S_redundant_300,CTLKSFTVEKGIYQTSNFRV
S_redundant_304,SFTVEKGIYQTSNFRVQPTE
S_redundant_308,EKGIYQTSNFRVQPTESIVR
S_redundant_312,YQTSNFRVQPTESIVRFPNI
S_redundant_316,NFRVQPTESIVRFPNITNLC
S_redundant_320,QPTESIVRFPNITNLCPFGE
S_redundant_324,SIVRFPNITNLCPFGEVFNA
S_redundant_328,FPNITNLCPFGEVFNATRFA
S_redundant_332,TNLCPFGEVFNATRFASVYA
S_redundant_336,PFGEVFNATRFASVYAWNRK
S_redundant_340,VFNATRFASVYAWNRKRISN
S_redundant_344,TRFASVYAWNRKRISNCVAD
S_redundant_348,SVYAWNRKRISNCVADYSVL
S_redundant_352,WNRKRISNCVADYSVLYNSA
S_redundant_356,RISNCVADYSVLYNSASFST
S_redundant_360,CVADYSVLYNSASFSTFKCY
S_redundant_364,YSVLYNSASFSTFKCYGVSP
S_redundant_368,YNSASFSTFKCYGVSPTKLN
S_redundant_372,SFSTFKCYGVSPTKLNDLCF
S_redundant_376,FKCYGVSPTKLNDLCFTNVY
S_redundant_380,GVSPTKLNDLCFTNVYADSF
S_redundant_384,TKLNDLCFTNVYADSFVIRG
S_redundant_388,DLCFTNVYADSFVIRGDEVR
S_redundant_392,TNVYADSFVIRGDEVRQIAP
S_redundant_396,ADSFVIRGDEVRQIAPGQTG
S_redundant_400,VIRGDEVRQIAPGQTGKIAD
S_redundant_404,DEVRQIAPGQTGKIADYNYK
S_redundant_408,QIAPGQTGKIADYNYKLPDD
S_redundant_412,GQTGKIADYNYKLPDDFTGC
S_redundant_416,KIADYNYKLPDDFTGCVIAW
S_redundant_420,YNYKLPDDFTGCVIAWNSNN
S_redundant_424,LPDDFTGCVIAWNSNNLDSK
S_redundant_428,FTGCVIAWNSNNLDSKVGGN
S_redundant_432,VIAWNSNNLDSKVGGNYNYL
S_redundant_436,NSNNLDSKVGGNYNYLYRLF
S_redundant_440,LDSKVGGNYNYLYRLFRKSN
S_redundant_444,VGGNYNYLYRLFRKSNLKPF
S_redundant_448,YNYLYRLFRKSNLKPFERDI
S_redundant_452,YRLFRKSNLKPFERDISTEI
S_redundant_456,RKSNLKPFERDISTEIYQAG
S_redundant_460,LKPFERDISTEIYQAGSTPC
S_redundant_464,ERDISTEIYQAGSTPCNGVE
S_redundant_468,STEIYQAGSTPCNGVEGFNC
S_redundant_472,YQAGSTPCNGVEGFNCYFPL
S_redundant_476,STPCNGVEGFNCYFPLQSYG
S_redundant_480,NGVEGFNCYFPLQSYGFQPT
S_redundant_484,GFNCYFPLQSYGFQPTNGVG
S_redundant_488,YFPLQSYGFQPTNGVGYQPY
S_redundant_492,QSYGFQPTNGVGYQPYRVVV
S_redundant_496,FQPTNGVGYQPYRVVVLSFE
S_redundant_500,NGVGYQPYRVVVLSFELLHA
S_redundant_504,YQPYRVVVLSFELLHAPATV
S_redundant_508,RVVVLSFELLHAPATVCGPK
S_redundant_512,LSFELLHAPATVCGPKKSTN
S_redundant_516,LLHAPATVCGPKKSTNLVKN
S_redundant_520,PATVCGPKKSTNLVKNKCVN
S_redundant_524,CGPKKSTNLVKNKCVNFNFN
S_redundant_528,KSTNLVKNKCVNFNFNGLTG
S_redundant_532,LVKNKCVNFNFNGLTGTGVL
S_redundant_536,KCVNFNFNGLTGTGVLTESN
S_redundant_540,FNFNGLTGTGVLTESNKKFL
S_redundant_544,GLTGTGVLTESNKKFLPFQQ
S_redundant_548,TGVLTESNKKFLPFQQFGRD
S_redundant_552,TESNKKFLPFQQFGRDIADT
S_redundant_556,KKFLPFQQFGRDIADTTDAV
S_redundant_560,PFQQFGRDIADTTDAVRDPQ
S_redundant_564,FGRDIADTTDAVRDPQTLEI
S_redundant_568,IADTTDAVRDPQTLEILDIT
S_redundant_572,TDAVRDPQTLEILDITPCSF
S_redundant_576,RDPQTLEILDITPCSFGGVS
S_redundant_580,TLEILDITPCSFGGVSVITP
S_redundant_584,LDITPCSFGGVSVITPGTNT
S_redundant_588,PCSFGGVSVITPGTNTSNQV
S_redundant_592,GGVSVITPGTNTSNQVAVLY
S_redundant_596,VITPGTNTSNQVAVLYQDVN
S_redundant_600,GTNTSNQVAVLYQDVNCTEV
S_redundant_604,SNQVAVLYQDVNCTEVPVAI
S_redundant_608,AVLYQDVNCTEVPVAIHADQ
S_redundant_612,QDVNCTEVPVAIHADQLTPT
S_redundant_616,CTEVPVAIHADQLTPTWRVY
S_redundant_620,PVAIHADQLTPTWRVYSTGS
S_redundant_624,HADQLTPTWRVYSTGSNVFQ
S_redundant_628,LTPTWRVYSTGSNVFQTRAG
S_redundant_632,WRVYSTGSNVFQTRAGCLIG
S_redundant_636,STGSNVFQTRAGCLIGAEHV
S_redundant_640,NVFQTRAGCLIGAEHVNNSY
S_redundant_644,TRAGCLIGAEHVNNSYECDI
S_redundant_648,CLIGAEHVNNSYECDIPIGA
S_redundant_652,AEHVNNSYECDIPIGAGICA
S_redundant_656,NNSYECDIPIGAGICASYQT
S_redundant_660,ECDIPIGAGICASYQTQTNS
S_redundant_664,PIGAGICASYQTQTNSPRRA
S_redundant_668,GICASYQTQTNSPRRARSVA
S_redundant_672,SYQTQTNSPRRARSVASQSI
S_redundant_676,QTNSPRRARSVASQSIIAYT
S_redundant_680,PRRARSVASQSIIAYTMSLG
S_redundant_684,RSVASQSIIAYTMSLGAENS
S_redundant_688,SQSIIAYTMSLGAENSVAYS
S_redundant_692,IAYTMSLGAENSVAYSNNSI
S_redundant_696,MSLGAENSVAYSNNSIAIPT
S_redundant_700,AENSVAYSNNSIAIPTNFTI
S_redundant_704,VAYSNNSIAIPTNFTISVTT
S_redundant_708,NNSIAIPTNFTISVTTEILP
S_redundant_712,AIPTNFTISVTTEILPVSMT
S_redundant_716,NFTISVTTEILPVSMTKTSV
S_redundant_720,SVTTEILPVSMTKTSVDCTM
S_redundant_724,EILPVSMTKTSVDCTMYICG
S_redundant_728,VSMTKTSVDCTMYICGDSTE
S_redundant_732,KTSVDCTMYICGDSTECSNL
S_redundant_736,DCTMYICGDSTECSNLLLQY
S_redundant_740,YICGDSTECSNLLLQYGSFC
S_redundant_744,DSTECSNLLLQYGSFCTQLN
S_redundant_748,CSNLLLQYGSFCTQLNRALT
S_redundant_752,LLQYGSFCTQLNRALTGIAV
S_redundant_756,GSFCTQLNRALTGIAVEQDK
S_redundant_760,TQLNRALTGIAVEQDKNTQE
S_redundant_764,RALTGIAVEQDKNTQEVFAQ
S_redundant_768,GIAVEQDKNTQEVFAQVKQI
S_redundant_772,EQDKNTQEVFAQVKQIYKTP
S_redundant_776,NTQEVFAQVKQIYKTPPIKD
S_redundant_780,VFAQVKQIYKTPPIKDFGGF
S_redundant_784,VKQIYKTPPIKDFGGFNFSQ
S_redundant_788,YKTPPIKDFGGFNFSQILPD
S_redundant_792,PIKDFGGFNFSQILPDPSKP
S_redundant_796,FGGFNFSQILPDPSKPSKRS
S_redundant_800,NFSQILPDPSKPSKRSFIED
S_redundant_804,ILPDPSKPSKRSFIEDLLFN
S_redundant_808,PSKPSKRSFIEDLLFNKVTL
S_redundant_812,SKRSFIEDLLFNKVTLADAG
S_redundant_816,FIEDLLFNKVTLADAGFIKQ
S_redundant_820,LLFNKVTLADAGFIKQYGDC
S_redundant_824,KVTLADAGFIKQYGDCLGDI
S_redundant_828,ADAGFIKQYGDCLGDIAARD
S_redundant_832,FIKQYGDCLGDIAARDLICA
S_redundant_836,YGDCLGDIAARDLICAQKFN
S_redundant_840,LGDIAARDLICAQKFNGLTV
S_redundant_844,AARDLICAQKFNGLTVLPPL
S_redundant_848,LICAQKFNGLTVLPPLLTDE
S_redundant_852,QKFNGLTVLPPLLTDEMIAQ
S_redundant_856,GLTVLPPLLTDEMIAQYTSA
S_redundant_860,LPPLLTDEMIAQYTSALLAG
S_redundant_864,LTDEMIAQYTSALLAGTITS
S_redundant_868,MIAQYTSALLAGTITSGWTF
S_redundant_872,YTSALLAGTITSGWTFGAGA
S_redundant_876,LLAGTITSGWTFGAGAALQI
S_redundant_880,TITSGWTFGAGAALQIPFAM
S_redundant_884,GWTFGAGAALQIPFAMQMAY
S_redundant_888,GAGAALQIPFAMQMAYRFNG
S_redundant_892,ALQIPFAMQMAYRFNGIGVT
S_redundant_896,PFAMQMAYRFNGIGVTQNVL
S_redundant_900,QMAYRFNGIGVTQNVLYENQ
S_redundant_904,RFNGIGVTQNVLYENQKLIA
S_redundant_908,IGVTQNVLYENQKLIANQFN
S_redundant_912,QNVLYENQKLIANQFNSAIG
S_redundant_916,YENQKLIANQFNSAIGKIQD
S_redundant_920,KLIANQFNSAIGKIQDSLSS
S_redundant_924,NQFNSAIGKIQDSLSSTASA
S_redundant_928,SAIGKIQDSLSSTASALGKL
S_redundant_932,KIQDSLSSTASALGKLQDVV
S_redundant_936,SLSSTASALGKLQDVVNQNA
S_redundant_940,TASALGKLQDVVNQNAQALN
S_redundant_944,LGKLQDVVNQNAQALNTLVK
S_redundant_948,QDVVNQNAQALNTLVKQLSS
S_redundant_952,NQNAQALNTLVKQLSSNFGA
S_redundant_956,QALNTLVKQLSSNFGAISSV
S_redundant_960,TLVKQLSSNFGAISSVLNDI
S_redundant_964,QLSSNFGAISSVLNDILSRL
S_redundant_968,NFGAISSVLNDILSRLDKVE
S_redundant_972,ISSVLNDILSRLDKVEAEVQ
S_redundant_976,LNDILSRLDKVEAEVQIDRL
S_redundant_980,LSRLDKVEAEVQIDRLITGR
S_redundant_984,DKVEAEVQIDRLITGRLQSL
S_redundant_988,AEVQIDRLITGRLQSLQTYV
S_redundant_992,IDRLITGRLQSLQTYVTQQL
S_redundant_996,ITGRLQSLQTYVTQQLIRAA
S_redundant_1000,LQSLQTYVTQQLIRAAEIRA
S_redundant_1004,QTYVTQQLIRAAEIRASANL
S_redundant_1008,TQQLIRAAEIRASANLAATK
S_redundant_1012,IRAAEIRASANLAATKMSEC
S_redundant_1016,EIRASANLAATKMSECVLGQ
S_redundant_1020,SANLAATKMSECVLGQSKRV
S_redundant_1024,AATKMSECVLGQSKRVDFCG
S_redundant_1028,MSECVLGQSKRVDFCGKGYH
S_redundant_1032,VLGQSKRVDFCGKGYHLMSF
S_redundant_1036,SKRVDFCGKGYHLMSFPQSA
S_redundant_1040,DFCGKGYHLMSFPQSAPHGV
S_redundant_1044,KGYHLMSFPQSAPHGVVFLH
S_redundant_1048,LMSFPQSAPHGVVFLHVTYV
S_redundant_1052,PQSAPHGVVFLHVTYVPAQE
S_redundant_1056,PHGVVFLHVTYVPAQEKNFT
S_redundant_1060,VFLHVTYVPAQEKNFTTAPA
S_redundant_1064,VTYVPAQEKNFTTAPAICHD
S_redundant_1068,PAQEKNFTTAPAICHDGKAH
S_redundant_1072,KNFTTAPAICHDGKAHFPRE
S_redundant_1076,TAPAICHDGKAHFPREGVFV
S_redundant_1080,ICHDGKAHFPREGVFVSNGT
S_redundant_1084,GKAHFPREGVFVSNGTHWFV
S_redundant_1088,FPREGVFVSNGTHWFVTQRN
S_redundant_1092,GVFVSNGTHWFVTQRNFYEP
S_redundant_1096,SNGTHWFVTQRNFYEPQIIT
S_redundant_1100,HWFVTQRNFYEPQIITTDNT
S_redundant_1104,TQRNFYEPQIITTDNTFVSG
S_redundant_1108,FYEPQIITTDNTFVSGNCDV
S_redundant_1112,QIITTDNTFVSGNCDVVIGI
S_redundant_1116,TDNTFVSGNCDVVIGIVNNT
S_redundant_1120,FVSGNCDVVIGIVNNTVYDP
S_redundant_1124,NCDVVIGIVNNTVYDPLQPE
S_redundant_1128,VIGIVNNTVYDPLQPELDSF
S_redundant_1132,VNNTVYDPLQPELDSFKEEL
S_redundant_1136,VYDPLQPELDSFKEELDKYF
S_redundant_1140,LQPELDSFKEELDKYFKNHT
S_redundant_1144,LDSFKEELDKYFKNHTSPDV
S_redundant_1148,KEELDKYFKNHTSPDVDLGD
S_redundant_1152,DKYFKNHTSPDVDLGDISGI
S_redundant_1156,KNHTSPDVDLGDISGINASV
S_redundant_1160,SPDVDLGDISGINASVVNIQ
S_redundant_1164,DLGDISGINASVVNIQKEID
S_redundant_1168,ISGINASVVNIQKEIDRLNE
S_redundant_1172,NASVVNIQKEIDRLNEVAKN
S_redundant_1176,VNIQKEIDRLNEVAKNLNES
S_redundant_1180,KEIDRLNEVAKNLNESLIDL
S_redundant_1184,RLNEVAKNLNESLIDLQELG
S_redundant_1188,VAKNLNESLIDLQELGKYEQ
S_redundant_1192,LNESLIDLQELGKYEQYIKW
S_redundant_1196,LIDLQELGKYEQYIKWPWYI
S_redundant_1200,QELGKYEQYIKWPWYIWLGF
S_redundant_1204,KYEQYIKWPWYIWLGFIAGL
S_redundant_1208,YIKWPWYIWLGFIAGLIAIV
S_redundant_1212,PWYIWLGFIAGLIAIVMVTI
S_redundant_1216,WLGFIAGLIAIVMVTIMLCC
S_redundant_1220,IAGLIAIVMVTIMLCCMTSC
S_redundant_1224,IAIVMVTIMLCCMTSCCSCL
S_redundant_1228,MVTIMLCCMTSCCSCLKGCC
S_redundant_1232,MLCCMTSCCSCLKGCCSCGS
S_redundant_1236,MTSCCSCLKGCCSCGSCCKF
S_redundant_1240,CSCLKGCCSCGSCCKFDEDD
S_redundant_1244,KGCCSCGSCCKFDEDDSEPV
S_redundant_1248,SCGSCCKFDEDDSEPVLKGV
S_redundant_1252,CCKFDEDDSEPVLKGVKLHY
S_redundant_1256,DEDDSEPVLKGVKLHYT
S_redundant_1260,SEPVLKGVKLHYT
S_redundant_1264,LKGVKLHYT
S_redundant_1268,KLHYT
SPECIAL_1,KTCPVQLWVDSTPPPGTRWQSPECIALEELDGEYFTLQIRGRERFEMF
SPECIAL_2,EEPQSDPSVEPPLSQETQWSPECIALEEDRRTEEENLR
SPECIAL_3,LELKDAQQWSPECIALEEAHSSHLKSKK
